Artist_id,Duration,Popularity,Danceablility,Energy,Loudness,Speechiness,Acoustincness,Instrumentalness,Liveness,Valence,Tempo,Artist
01QTIT5P1pFP3QnnFSdsJf,233679.4,60.6,0.6256,0.7863,-5.5266,0.20282,0.11356999999999999,0.013855000000000001,0.18658999999999998,0.4949,102.10170000000001,Lupe Fiasco
030sRm1rnXI9MeQ23pdax8,259865.0,35.0,0.6504,0.7301,-6.6045,0.26433,0.048242,2.1479999999999998e-05,0.18911,0.4365,104.0566,Boyz N Da Hood
0399oiMcmbOzzsYQDNYqxn,187404.3,48.3,0.7589,0.5823,-8.223,0.18342,0.13919399999999998,0.00032072000000000003,0.17623,0.4465,108.4829,Problem
07VmOvmuBp9G0gb8BTrpn0,240970.3,52.6,0.7376,0.7087,-5.6716,0.24522,0.098069,7.306999999999999e-05,0.18652,0.611,135.2677,Mike Jones
07d5etnpjriczFBB8pxmRe,239557.9,46.9,0.6146,0.6283000000000001,-6.8526,0.1682,0.194956,0.019585196,0.22117,0.6041000000000001,121.3096,BJ The Chicago Kid
08Ld63UgKrJ0nZnCkzHtzc,194571.1,57.6,0.8406,0.6985,-6.539499999999999,0.22037,0.09520100000000001,9.272999999999999e-05,0.15960000000000002,0.5673999999999999,123.98389999999999,Project Pat
0A0FS04o6zMoto8OKPsDwY,217537.2,64.8,0.7468,0.5631999999999999,-6.7448999999999995,0.19085999999999997,0.13343,7.1767e-05,0.20032,0.39180000000000004,129.01479999999998,YG
0CKa42Jqrc9fSFbDjePaXP,205540.9,41.9,0.7431,0.6926,-5.7695,0.22966999999999999,0.1187592,3.01e-06,0.20232,0.5355,145.4305,Big K.R.I.T.
0EeQBlQJFiAfJeVN2vT9s0,245584.8,63.1,0.6324,0.7363,-5.3988,0.27259,0.088109,4.15e-05,0.31386,0.33784000000000003,101.4743,Nipsey Hussle
0FtsMKmZEq8fBWqdSOWtqp,205047.7,57.9,0.7333999999999999,0.5841000000000001,-6.8884,0.07108,0.18258000000000002,1.24e-06,0.13923000000000002,0.4929,107.25019999999999,03 Greedo
0I5HubncQ8E1MFZOlPDY4J,216583.2,42.6,0.7363999999999999,0.7168,-6.9474,0.24438,0.052779,0.04701034,0.17961,0.6464000000000001,112.2443,Trinidad James
0ImT3U0pR1u2icS8XjEmJn,268346.3,32.1,0.743,0.6703,-7.6699,0.267,0.18435390000000001,0.00022731699999999997,0.24722,0.5907,137.8057,P$C
0JdGPxHeRGfOyZg3EHwp2g,202192.5,34.9,0.6485000000000001,0.6476,-8.064499999999999,0.1641,0.243269,0.007828656,0.22671000000000002,0.5023,137.4238,Alex Wiley
0JuDxOwz1e3Wx05t8e3AT3,225293.8,39.4,0.6968,0.597,-9.5136,0.21756999999999999,0.43170000000000003,0.001663038,0.27260999999999996,0.37679999999999997,116.60119999999999,Sylvan LaCue
0NWbwDZY1VkRqFafuQm6wk,206189.6,59.2,0.7222999999999999,0.6467,-5.5485999999999995,0.13996,0.1498262,0.016191965,0.21161,0.27809999999999996,135.3942,Mike WiLL Made-It
0ONHkAv9pCAFxb0zJwDNTy,211234.4,63.9,0.6336,0.7699,-4.6431,0.2783,0.164429,0.001637763,0.25833,0.6308,116.51410000000001,Pusha T
0P8YNJXX7QeQ8iZIUCXJgi,264518.4,43.6,0.5937,0.7621,-4.7905999999999995,0.2851,0.1106926,0.00034749399999999995,0.3661,0.6757,102.74000000000001,The Diplomats
0PGtMx1bsqoCHCy3MB3gXA,198256.1,21.9,0.7363000000000001,0.7935000000000001,-4.8962,0.16440000000000002,0.14191099999999998,0.000599134,0.25112,0.6448,125.06970000000001,Unk
0QHgL1lAIqAw0HtD7YldmP,208463.5,72.8,0.6147,0.6448,-4.9031,0.13878,0.0588066,2.55e-06,0.2064,0.39814,122.00330000000001,DJ Khaled
0SDGEgp8DEGaudRPNxBttt,215189.5,27.6,0.603,0.7325,-4.9954,0.3056,0.092431,3.1100000000000003e-06,0.17365999999999998,0.4971,131.1433,J-Dawg
0T5OJgMVjKIX3b3W3ekqOl,228613.1,39.0,0.622,0.6311,-6.388,0.25356,0.100756,0.0,0.18301,0.47119999999999995,125.1596,Rocko
0TkqXdyWLsssJH7okthMPQ,208186.6,49.2,0.5549999999999999,0.6451,-9.0633,0.24513,0.32039,0.009817509999999998,0.2881,0.55,105.3203,Jay Electronica
0Uo6kyjrbQoZBlcXsMb8Vm,257649.1,29.8,0.7096,0.7798,-6.0165999999999995,0.2314,0.043457,2.05e-06,0.17615,0.5660000000000001,124.9233,Field Mob
0VKTLKamj4IH8OfQbUL0kq,279742.4,40.5,0.7592,0.5801999999999999,-7.7931,0.27605,0.0567749,0.0,0.13682,0.5231,104.2055,Dem Franchize Boyz
0VRj0yCOv2FXJNP47XQnx5,191578.9,71.5,0.7607,0.6517999999999999,-5.3594,0.16246,0.11890999999999999,1.5815e-05,0.14962,0.42157999999999995,143.0991,Quavo
0WOxhx4hikIsyF3CRPLC8W,178538.2,50.4,0.7594000000000001,0.67,-6.2535,0.24272,0.09412000000000001,4.1200000000000005e-05,0.20863,0.5393,137.6254,Famous Dex
0XIKGBo9PnK1ApI5tZA60d,160277.3,54.9,0.722,0.49749999999999994,-7.928700000000001,0.22747,0.21134,6.5287e-05,0.13744,0.45249000000000006,127.51910000000001,DaniLeigh
0Y4inQK6OespitzD6ijMwb,192199.9,59.8,0.6149,0.6148,-8.551,0.221,0.33563,6.6275e-05,0.17402,0.5404,94.2184,Freddie Gibbs
0YWxKQj2Go9CGHCp77UOyy,246525.0,58.1,0.6952,0.6797,-7.0593,0.16088,0.21861999999999998,0.0,0.17439,0.6039,127.82739999999998,Fabolous
0bZ9jANLkwEFVcSnHnwrpb,161226.1,48.4,0.6628000000000001,0.5648,-8.9046,0.13512,0.05107199999999999,0.00034685,0.2752,0.3181,133.9859,UnoTheActivist
0bfX8pF8kuHNCs57Ms4jZb,226787.2,21.3,0.6899,0.7391,-6.0268999999999995,0.14718,0.0502649,3.96e-07,0.32511,0.4692,136.0363,Roscoe Dash
0c173mlxpT3dSFRgMO8XPh,260859.5,71.1,0.7511,0.6172000000000001,-5.9575000000000005,0.15138000000000001,0.115727,0.00019108599999999998,0.29713,0.40234000000000003,115.3951,Big Sean
0fA0VVWsXO9YnASrzqfmYu,242824.0,72.1,0.6798,0.6219,-6.7801,0.07273,0.26610900000000004,0.093696243,0.22254000000000002,0.5176000000000001,125.0165,Kid Cudi
0g9vAlRPK9Gt3FKCekk4TW,262142.0,51.1,0.634,0.7019,-7.2361,0.27702,0.17557,0.00041220100000000006,0.19255,0.5033,120.65650000000001,Ab-Soul
0huGjMyP507tBCARyzSkrv,188985.4,66.1,0.7424000000000001,0.6688,-6.2428,0.30871,0.15192,2.68e-07,0.18703,0.5193,115.5694,Cordae
0iEtIxbK0KxaSlF7G42ZOp,196209.2,87.1,0.7439,0.6088,-6.3351,0.17962,0.200622,0.010119066,0.14952000000000001,0.37320000000000003,109.0074,Metro Boomin
0k7Xl1pqI3tu8sSEjo5oEg,247627.2,50.2,0.7923,0.6498999999999999,-6.5087,0.19777,0.1369297,0.0010362,0.1559,0.6187,111.2838,Paul Wall
0st5vgzw9XkH5ALJiUM1lE,253300.5,48.6,0.7209,0.6513,-5.4485,0.24409,0.0950796,0.00017280300000000002,0.17696,0.3949,127.0036,Slim Thug
0t5qZrvVCo9YIUT87SQrTn,179763.8,30.1,0.7767000000000001,0.5237999999999999,-8.8748,0.16385,0.094713,0.00018894000000000002,0.22016999999999998,0.4203,126.1925,OJ Da Juiceman
0tCtGc5vt29zFZp6KXzN50,274786.6,42.0,0.585,0.7706999999999999,-6.4398,0.3306,0.07114000000000001,0.00015415699999999998,0.1694,0.6333,110.2788,Beanie Sigel
0tPjSrb43a58uznKru1k2P,180804.0,46.4,0.6011,0.6131,-7.5379000000000005,0.32799999999999996,0.42382,2.5059999999999997e-05,0.22193999999999997,0.3968,100.8648,A$AP Twelvyy
0uzlfGNw35ha8bszBDhKy7,182318.5,33.4,0.7494,0.6976,-6.0179,0.30558,0.197297,5.83e-06,0.25728999999999996,0.46959999999999996,124.97439999999999,Killa Kyleon
12FHARd9fY0Tu0ila4Ua25,234745.3,49.6,0.8313,0.6820999999999999,-6.3469,0.20060000000000003,0.06473369999999999,7.84e-05,0.20487000000000002,0.67,115.3684,Trick Daddy
137W8MRPWKqSmrBGDBFSop,226038.7,73.2,0.6617,0.6988,-5.6171999999999995,0.13923000000000002,0.164673,1.303e-06,0.21122000000000002,0.5483,141.9635,Wiz Khalifa
13ubrt8QOOCPljQ2FL1Kca,200758.6,77.7,0.6847,0.6657,-7.1487,0.13229,0.109986,0.07373950800000001,0.17266,0.42259,129.4839,A$AP Rocky
13y7CgLHjMVRMDqxdx0Xdo,228215.6,66.6,0.7735000000000001,0.6295,-6.531700000000001,0.19677,0.05742499999999999,4.6423e-05,0.26199,0.45919999999999994,141.203,Gucci Mane
15iVAtD3s3FsQR4w1v6M0P,227569.9,68.4,0.6916,0.5696,-6.4616,0.15092999999999998,0.07256456,5.19e-05,0.19993,0.29947,134.256,Chief Keef
17lzZA2AlOHwCwFALHttmp,236039.1,64.3,0.7142,0.6515,-5.8722,0.2306,0.03894,8.87e-05,0.25034,0.43790000000000007,116.3903,2 Chainz
18HVMQsV3tINaTyzT5UIjH,283693.9,40.5,0.6395000000000001,0.7125999999999999,-6.0253,0.24706999999999998,0.06709200000000001,3.92e-06,0.26925,0.4227,123.2779,CyHi
19Fi1Rj7kk8kyiwxpXy3yM,230657.0,55.5,0.5942999999999999,0.62,-6.848000000000001,0.15691,0.075452,6.640000000000001e-07,0.26221,0.391,130.8251,August Alsina
1FvjvACFvko2Z91IvDljrx,209001.6,54.5,0.7096,0.609,-8.422799999999999,0.25371,0.38275000000000003,0.001114702,0.17078,0.5588,117.60050000000001,Mick Jenkins
1J6iGa2TNBDCrJzjsnI1a8,237567.6,31.1,0.6765000000000001,0.7454,-5.7716,0.23498999999999998,0.14265999999999998,4.574e-05,0.33834,0.5575,137.29659999999998,Big Pokey
1LrWZc2qPhRCHyr6XtpBxq,208453.2,42.0,0.7276,0.6512,-7.8165,0.21461999999999998,0.126087,0.00431155,0.32521,0.5288999999999999,102.66980000000001,Dizzy Wright
1MlV4b7HGi4AiZWXholyVu,172518.6,39.1,0.7208,0.6322,-7.2890999999999995,0.11768,0.10780400000000001,8.410000000000001e-07,0.16144,0.492,122.7039,IshDARR
1RyvyyTE3xzB2ZywiAwp0i,215241.4,84.1,0.7106,0.5979,-6.0744,0.22578,0.096841,0.051894759,0.18506,0.29815,115.22150000000002,Future
1URnnhqYAYcrqrcwql10ft,208884.7,86.6,0.7388,0.6188,-6.9131,0.18448,0.07938769999999999,0.010140427,0.14926,0.3087,135.981,21 Savage
1W3FSF1BLpY3hlVIgvenLz,241549.6,52.9,0.6365000000000001,0.5593,-5.5106,0.10093,0.14298,8.439999999999999e-06,0.21078999999999998,0.35666,92.563,The-Dream
1Xfmvd48oOhEWkscWyEbh9,237659.4,59.4,0.6218999999999999,0.6809000000000001,-5.9687,0.13887,0.110361,5.48e-07,0.1319,0.49119999999999997,120.662,Lloyd
1Zatb2YN4erBOoSivOXc0o,186650.0,51.8,0.861,0.6416000000000001,-4.9607,0.17743,0.11423000000000001,1.0319e-05,0.16707,0.3955,128.3625,O.T. Genasis
1ZyUXvaBXUsIZ3JD6jYGkt,172264.0,41.9,0.6694,0.6656,-6.9807999999999995,0.22222,0.35499,0.00011205499999999998,0.20318999999999998,0.60072,134.2046,Nyck Caution
1Zz5UxfKSSqc6hpa3xJPCw,215560.7,24.8,0.7551,0.7835,-6.6389,0.30174,0.09307000000000001,0.0873,0.16677999999999998,0.5913999999999999,107.24960000000002,J-Kwon
1anyVhU62p31KFi8MEzkbf,228980.3,66.1,0.6722,0.6018,-7.5199,0.23454999999999998,0.247227,9.404999999999999e-06,0.09713999999999999,0.5058,123.10319999999999,Chance the Rapper
1cNDP5yjU5vjeR8qMf4grg,217639.2,71.3,0.7193,0.5666,-7.4355,0.0966,0.22795,1.9660000000000003e-06,0.11026,0.43220000000000003,140.1397,YNW Melly
1dqGS5sT6PE2wEvP1gROZC,209498.0,51.8,0.7542,0.5716,-9.0305,0.18817,0.17109000000000002,2.5934e-05,0.2129,0.36960000000000004,108.7702,Flatbush Zombies
1ewyVtTZBqFYWIcepopRhp,161332.7,43.2,0.7289,0.6086,-6.2992,0.19276,0.161912,0.10801897,0.08811,0.5316,127.2592,Joey Purp
1fQ46lgoUCz8FVXdTVNk0a,222142.0,31.1,0.7133,0.6858000000000001,-5.887600000000001,0.27583,0.0364494,1.23e-07,0.18169,0.5265,128.6251,Hurricane Chris
1fQWUHoSWhlrc9rmHi2xnE,178937.0,49.3,0.6029,0.5074,-8.528,0.10591999999999999,0.36811,1.2944e-05,0.11526,0.3797,122.90119999999999,Nbdy
1grI9x4Uzos1Asx8JmRW6T,227079.0,45.2,0.7314,0.6925,-6.4069,0.32439999999999997,0.065504,0.00039450000000000005,0.27481,0.6060000000000001,136.5333,Lil' Keke
1iFf7x4gbonfRVAvQ8Wsoh,282115.4,37.3,0.7671,0.5685,-7.8021,0.23627000000000004,0.070195,0.00012003,0.20076,0.518,123.2209,Fat Pat
1iJdyDcY98X3GMnUesl7tf,103569.7,59.2,0.8593,0.6679999999999999,-7.3614999999999995,0.3198,0.095832,0.0010715979999999998,0.18979,0.5556,130.9803,Comethazine
1iNqsUDUraNWrj00bqssQG,202159.7,66.7,0.6906,0.6907,-6.4201,0.31461,0.2672,2.544e-05,0.20786,0.47009999999999996,128.4246,Dreamville
1j9teSUrqJuPSWtXmgpbO3,218999.0,14.0,0.7689,0.5582,-9.6257,0.32875,0.11457200000000001,0.0,0.3432,0.49755000000000005,135.1751,Slim Dunkin
1nSpOxq3pcgomrfpXudQuq,234865.3,39.7,0.5709,0.7476,-5.9557,0.22315999999999997,0.30351,5.280000000000001e-07,0.3046,0.4338,99.4512,Kirk Knight
1pPmIToKXyGdsCF6LmqLmI,187293.5,59.6,0.7234,0.6307,-6.7963000000000005,0.25599,0.177912,0.0,0.15296,0.44939999999999997,133.9279,Rich The Kid
1sBkRIssrMs1AbVkOJbc7a,265064.5,68.0,0.5776,0.7018,-5.3296,0.19569999999999999,0.069061,7.629999999999999e-07,0.20803,0.3921,121.67550000000001,Rick Ross
20apXQGKM00jJTvYfyKwlb,203165.1,39.7,0.6117999999999999,0.7933,-5.3504,0.24756999999999998,0.23890099999999997,1.11e-05,0.24491999999999997,0.5937,109.3895,Maino
20sxb77xiYeusSH8cVdatc,218553.1,70.3,0.6451,0.6384000000000001,-5.403499999999999,0.19672,0.19803300000000001,0.0,0.26187,0.36660000000000004,110.41480000000001,Meek Mill
21WS9wngs9AqFckK7yYJPM,195435.6,59.8,0.6674,0.6463,-5.752000000000001,0.18134999999999998,0.21707,0.0,0.13534,0.48639,139.65730000000002,PnB Rock
23LbwefIODbyGdRbAz3urj,246504.7,40.0,0.7733000000000001,0.5989,-6.9849000000000006,0.12899,0.039897,1.3359999999999999e-05,0.21515,0.5816,126.9616,Yung Joc
23sYU61n9f1CzYi8NJhAXS,203871.7,32.2,0.6675,0.596,-7.097799999999999,0.21939999999999998,0.074012,1.6289999999999998e-06,0.18370999999999998,0.49850000000000005,115.503,Towkio
27w1NoOLMX7tJMYqcetPyG,210177.9,52.8,0.693,0.6611,-5.7373,0.15603,0.14765999999999999,0.00015459,0.26345,0.48630000000000007,115.4473,VIC MENSA
28ExwzUQsvgJooOI0X1mr3,250629.8,58.0,0.738,0.6621,-6.0451,0.23420999999999997,0.0990713,1.3200000000000002e-07,0.19280999999999998,0.4654,121.4695,Jay Rock
2EMAnMvWE2eb56ToJVfCWs,184740.6,73.9,0.654,0.5153000000000001,-7.612,0.11705000000000002,0.26975,0.0006333,0.23767,0.4415,113.50150000000001,Bryson Tiller
2HPaUgqeutzr3jx5a9WyDV,198924.7,74.4,0.5923999999999999,0.5097,-7.961499999999999,0.06771,0.17291,0.001065203,0.14542,0.20124,114.8445,PARTYNEXTDOOR
2HUwZ0kumzCSlhFcjFZfpp,209428.8,52.4,0.7596,0.6631,-5.9665,0.23103,0.11374,3.66e-06,0.12772999999999998,0.5599000000000001,132.6182,Flipp Dinero
2HeV7SaeXiEdRp9mwu3D6e,244352.3,34.2,0.7577,0.5537,-10.0798,0.21347,0.08373,2.568e-06,0.21555999999999997,0.5144,114.6747,E.S.G.
2I9SLklAOG0vdMiUUMNxRl,179113.5,50.2,0.7308,0.553,-7.0929,0.07042000000000001,0.24011,6.993000000000001e-06,0.1669,0.49219999999999997,128.6267,88GLAM
2J257euzcjnDLipsyJH3F2,247123.5,47.2,0.6632,0.7202999999999999,-4.1564,0.30169999999999997,0.23567,4.593200000000001e-05,0.22912,0.58737,105.51700000000001,Clipse
2O2dI9lY9PnWtAa4OlrgMi,186446.5,45.3,0.7336,0.6275000000000001,-6.3959,0.17488,0.12859,0.0026055410000000003,0.16003,0.5987,122.0231,Pell
2OqENqJFXPORP4BUGnu2Qq,253991.7,34.4,0.7965,0.6408,-7.608700000000001,0.27859,0.032332,1.597e-05,0.24216000000000001,0.5324,109.79249999999999,Youngbloodz
2P5sC9cVZDToPxyomzF1UH,204244.7,69.6,0.6664,0.7205,-5.2726999999999995,0.27162000000000003,0.29873000000000005,3.2936e-05,0.3529,0.6127,134.9334,Joey Bada$$
2PACq2ZcgnzS5MrVTbcm09,152210.7,31.6,0.8576,0.5692999999999999,-8.3065,0.1941,0.104679,0.000597761,0.14816000000000001,0.4109,125.7621,Jody Breeze
2RDOrhPqAM4jzTRCEb19qX,198870.1,58.4,0.7589,0.5751000000000001,-7.1480999999999995,0.20461999999999997,0.17876319999999998,0.152261268,0.22608999999999999,0.39072999999999997,134.8484,Sheck Wes
2YZyLoL8N0Wb9xBt1NhZWg,241466.8,84.1,0.7448,0.6183,-6.1695,0.14865,0.0656202,3.0640000000000005e-05,0.13913,0.399,119.451,Kendrick Lamar
2cADQgiLMjNhbsfeN52Bf3,196838.5,47.5,0.6242,0.8139,-4.6424,0.24445999999999998,0.0975564,2.396e-05,0.3105,0.5072,113.2204,Swizz Beatz
2hlmm7s2ICUX0LVIhVFlZQ,181795.6,76.7,0.8352999999999999,0.5237,-7.2976,0.17492999999999997,0.208113,0.00072718,0.18303,0.3387,119.86330000000001,Gunna
2iNwwXMd2PEg9oEr167J2c,207794.5,16.5,0.5662,0.7053,-6.012099999999999,0.21842,0.11266497,0.0,0.2623,0.3501,124.6827,Blood Raw
2iojnBLj0qIMiKPvVhLnsH,217064.8,61.9,0.7064,0.6587,-5.8426,0.0872,0.181083,4.765e-06,0.27292,0.44160000000000005,104.79490000000001,Trey Songz
2jku7tDXc6XoB6MO2hFuqg,214484.4,75.7,0.6428,0.5923,-7.894800000000001,0.17025,0.17757,1.085e-05,0.17703,0.50265,112.9807,Tory Lanez
2l6Z31DakUv5Gl9yQPbLEl,278443.6,28.5,0.8114000000000001,0.6925,-7.145999999999999,0.25293,0.0182467,0.0,0.17782,0.6168,146.4697,Foxx
2x8KDZdSONA3872CnhaAlX,220422.3,38.9,0.6118,0.7866,-6.0021,0.29500000000000004,0.06761110000000001,0.0,0.23015,0.48340000000000005,118.3421,Styles P
31HjiqargV4NAw4GZqUale,211383.3,52.8,0.7670999999999999,0.5851,-7.089499999999999,0.16446,0.20306699999999997,2.274e-06,0.16302,0.36123,136.4306,Ace Hood
33wbkdcxtduHKY53LnI1Hf,243298.4,22.4,0.6860999999999999,0.6876,-6.548900000000001,0.2526,0.20320400000000002,3.87e-05,0.30167,0.6826,130.8867,Huey
34Y0ldeyUv7jBvukWOGASO,180142.2,49.8,0.7711,0.6476,-6.745099999999999,0.363,0.072621,6.719999999999999e-07,0.17478,0.46109999999999995,155.0454,Bobby Shmurda
35sCXuy5gN6Or69rZ9vqBs,211519.7,52.1,0.7273,0.6385,-6.8668000000000005,0.1868,0.26429800000000003,1.24e-07,0.15835,0.5317999999999999,135.8562,Birdman
360IAlyVv4PCEVjgyMZrxK,220796.7,73.4,0.6052000000000001,0.5628,-8.2121,0.11004,0.160681,0.00196292,0.16576,0.4025,110.4835,Miguel
36HvjE9pV91jEjO1qBRidS,268605.1,35.9,0.701,0.7005,-6.438900000000001,0.24489999999999998,0.077432,0.000704582,0.20493999999999998,0.6426999999999999,135.8296,B.G.
3A5tHz1SfngyOZM2gItYKu,145137.4,61.4,0.5700000000000001,0.6322,-6.4116,0.23666,0.211439,0.052700770999999993,0.3396,0.6121000000000001,127.1517,Earl Sweatshirt
3D04N2X2w6vUGeyG94FBaY,277885.1,35.5,0.7376,0.7892,-4.1326,0.19318,0.048781000000000005,2.2499999999999998e-05,0.19902999999999998,0.4708,137.7274,Pastor Troy
3EIX8WuD9ybB4ruz0MSilB,158975.6,52.2,0.6876,0.7005,-7.071299999999999,0.23044000000000003,0.08036,2.4308000000000002e-05,0.12768,0.46909999999999996,138.8323,Lil Gnar
3HiuzBlSW7pGDXlSFMhO2g,181345.5,66.1,0.8634000000000001,0.6275000000000001,-6.0052,0.16094999999999998,0.11137999999999999,5.393000000000001e-05,0.15727,0.3988,138.4047,Young Dolph
3IbbhZMhvYcCTmqWNP3qA1,209963.5,23.1,0.7862,0.5829,-7.4285,0.29992,0.0441909,0.000136,0.16162,0.5948,137.23250000000002,Tum Tum
3KV3p5EY4AvKxOlhGHORLg,229506.7,69.2,0.6644,0.5142,-7.025799999999999,0.12205000000000002,0.33851,8.713e-06,0.11102000000000001,0.36903,120.67960000000001,Jeremih
3QnIBUOS4mUzs67rZ8r4c9,206830.3,32.0,0.6969000000000001,0.7068000000000001,-5.8567,0.17126000000000002,0.07996249999999999,0.00612,0.21871000000000002,0.5404,123.28310000000002,Lil Phat
3TVXtAsR1Inumwj472S9r4,234035.5,87.4,0.7013,0.5402,-7.771600000000001,0.16698,0.0845667,0.008688859,0.2298,0.3412,128.1387,Drake
3Y365ZqTf6fJ4ZcRnLKPGt,231004.6,48.7,0.7567999999999999,0.7137,-5.7854,0.13518,0.1878777,0.017674799999999997,0.2223,0.4907,130.7462,Gorilla Zoe
3Y7RZ31TRPVadSFVy1o8os,230525.0,66.9,0.5745,0.4274,-9.9215,0.13881,0.40245,0.00012263,0.13966,0.26208,98.71669999999999,H.E.R.
3ZooCJzNMTLpmJaIRUEorI,259063.8,36.7,0.7878999999999999,0.639,-6.9375,0.23801,0.0627903,1.26e-05,0.14642,0.6065,119.9825,Young Dro
3aQeKQSyrW4qWr35idm0cy,232341.0,69.2,0.7285999999999999,0.5599000000000001,-7.5301,0.11267,0.06556300000000001,1.1400000000000001e-07,0.19185,0.49676,108.1692,T-Pain
3ciRvbBIVz9fBoPbtSYq4x,319423.6,54.7,0.7281,0.6787,-6.0459000000000005,0.21669,0.02988418,7.892e-06,0.3053,0.4627,120.2913,Lil Jon & The East Side Boyz
3gGUMEwIX6XodWsYEvKSal,144655.9,56.1,0.8341,0.5756,-7.807300000000001,0.21922000000000003,0.087214,4.45e-07,0.15953,0.43629999999999997,106.80550000000001,YBN Nahmir
3hcs9uc56yIGFCSy9leWe7,193131.9,81.2,0.7408,0.5822999999999999,-7.705299999999999,0.1776,0.071295,4.5169999999999996e-05,0.1534,0.4838,130.9418,Lil Durk
3jahzTuztFVegfKXChatkY,239769.1,30.7,0.7704,0.6763,-7.4009,0.25461,0.14338900000000002,0.000127295,0.25583999999999996,0.6862,106.295,Trillville
3jksrX4oBklxR78ft8gv3j,206026.0,56.9,0.7389,0.6083999999999999,-6.6402,0.19247,0.07352800000000001,0.0,0.15239,0.5868,117.30319999999999,Plies
3kf0gOpxWtkyeMNJVDQPtd,194946.6,41.5,0.7344,0.6794,-6.172,0.21281,0.082965,5.714999999999999e-05,0.15938,0.5881000000000001,115.6037,Smoke DZA
3kortApcf0ntRWexUkJE4H,211708.2,37.7,0.6206,0.714,-5.6977,0.3358,0.153856,0.022001935,0.13252,0.43146000000000007,122.1788,Uncle Murda
3nViOFa3kZW8OMSNOzwr98,195855.3,59.2,0.6294000000000001,0.5938,-6.0885,0.15099,0.35678,0.0,0.13820000000000002,0.42679999999999996,125.8576,Queen Naija
3s2wTjWxK8NOX09dmsvVOh,247530.2,53.0,0.8342,0.7428,-5.3323,0.19973999999999997,0.10247999999999999,3.99e-07,0.15821000000000002,0.8008,119.44210000000001,Chingy
3s8alQfNnY0roAHaJh7Xxt,219113.7,49.8,0.6819,0.5692,-6.1352,0.21583999999999998,0.1648844,0.000446941,0.20281,0.3721,100.6,Dom Kennedy
3tlXnStJ1fFhdScmQeLpuG,226143.7,80.0,0.6232,0.437,-9.2759,0.1142,0.41639,0.00098262,0.18644,0.4509,128.51950000000002,Brent Faiyaz
3uJx5SnOM59Li7lCxA3b29,183401.3,53.1,0.8482,0.5408000000000001,-7.8381,0.3065,0.09178,0.00022627999999999998,0.1396,0.5395,128.0703,Lil Keed
3v3clM1KQgVfpPjKJFPAmx,212707.6,29.3,0.7068000000000001,0.7214,-6.406699999999999,0.13824,0.0350344,0.0008037960000000001,0.19899,0.6944,135.10840000000002,SHOP BOYZ
3vDUJHQtqT3jFRZ2ECXDTi,220512.3,54.6,0.7216,0.6897,-4.854699999999999,0.2596,0.147262,0.00010609000000000001,0.22416999999999998,0.5594,130.3279,Lloyd Banks
3x3jSlhyv5CiCZDZlaTq0M,197722.1,57.9,0.6421,0.5195000000000001,-7.977200000000001,0.14171,0.22664900000000002,0.0006282460000000001,0.20783000000000001,0.36626,126.43019999999999,Pi’erre Bourne
4135eJjHCRw5SuVzLfzR0x,272885.5,32.4,0.7388,0.6816,-6.3476,0.29504,0.034898200000000004,0.024330103000000002,0.20681,0.5739,127.3508,C-Murder
41DGOfz7IFMVvf9wKAzeZS,161162.1,46.2,0.788,0.5206,-7.7263,0.27666,0.199535,0.00047265100000000004,0.18614999999999998,0.41109999999999997,107.57070000000002,Jalen Santoy
44PA0rCQXikgOWbfY7Fq7m,240652.7,50.9,0.8401,0.6751,-6.9524,0.20901999999999998,0.10558000000000001,0.00042627,0.23433,0.57184,111.5127,Ying Yang Twins
45AMD9qU0ERQY5RvR7deHR,160707.3,48.5,0.6805,0.46399999999999997,-8.9403,0.1115,0.2597,0.097241387,0.21427999999999997,0.41276999999999997,104.1848,Che Ecru
45a6gCQWq61lIUDmr1tKuO,249477.9,44.6,0.6452,0.7313000000000001,-5.1511,0.24369000000000002,0.081237,4.04e-06,0.30655,0.48,110.7,Bun B
46SHBwWsqBkxI7EeeBEQG7,195546.1,77.9,0.7962,0.611,-6.2873,0.13306,0.147948,3.2e-05,0.16004000000000002,0.45339999999999997,120.6327,Kodak Black
4AllEJE7mVkhhyUV6DjqPz,233723.5,35.5,0.8147,0.5442,-8.2511,0.22477999999999998,0.082716,0.0001539,0.18421,0.5543,112.4357,D4L
4FlG0V0jhLO4qGpayFOphj,147602.8,65.0,0.7546999999999999,0.5717,-7.4094,0.21284,0.05511119999999999,0.0,0.12519,0.3903,141.3262,EST Gee
4Gso3d4CscCijv0lmajZWs,183190.6,77.9,0.7471,0.622,-6.3459,0.054990000000000004,0.248341,0.084627352,0.21960000000000002,0.43262999999999996,136.1124,Don Toliver
4HzKw8XcD0piJmDrrPRCYk,225969.0,60.4,0.6877,0.5095,-7.4231,0.06817,0.145565,0.000916762,0.12240999999999999,0.37992,114.6428,Majid Jordan
4IVAbR2w4JJNJDDRFP3E83,226741.9,67.6,0.6559,0.5175,-7.5866,0.1573,0.41767000000000004,0.0024587700000000003,0.12094,0.35250000000000004,118.4831,6LACK
4Js9eYwAf9rypNtV8pNSw9,247610.4,36.4,0.7589,0.7555,-5.8848,0.21091000000000001,0.08071300000000001,0.000123,0.27518000000000004,0.6273,119.3658,Petey Pablo
4O15NlyKLIASxsJ0PrXPfz,199200.1,80.1,0.6696,0.6655,-6.3284,0.10697000000000001,0.204324,0.011068999999999999,0.16132,0.42584999999999995,127.9751,Lil Uzi Vert
4OBJLual30L7gRl5UkeRcT,268600.1,65.7,0.625,0.7314,-5.1668,0.20605,0.03641,0.0,0.26295999999999997,0.4351,120.9103,T.I.
4Q5sPmM8j4SpMqL4UA1DtS,246257.3,36.8,0.7588999999999999,0.5871000000000001,-7.3436,0.26864,0.06547499999999999,5.07e-06,0.21406999999999998,0.5882000000000001,116.26110000000001,Lil' Flip
4ULO7IGI3M2bo0Ap7B9h8a,200046.3,57.4,0.5828,0.5942000000000001,-6.525,0.21557000000000004,0.44726,0.008317459000000001,0.12697,0.5042,110.9828,Teyana Taylor
4USNIVeRwXIAdbVSTqelbh,209435.6,26.6,0.7208,0.7133,-4.9333,0.22336999999999999,0.040556999999999996,1.384e-05,0.19641999999999998,0.6208,109.9689,Jibbs
4V77E8MyGPCCvvjVFbYQfS,243178.9,17.1,0.6683,0.7269,-5.737,0.16336,0.083673,0.0,0.27749999999999997,0.44505999999999996,130.2912,Big Kuntry King
4W49e48G0gg1pucAN6JiGH,162574.1,45.4,0.6595,0.38899999999999996,-11.6463,0.13458,0.46849999999999997,0.000575131,0.14558,0.3311,111.78510000000001,Yo Trane
4Yj490bi1KL0QpDnVOtHyr,222374.4,38.6,0.7621,0.6327,-6.4879999999999995,0.19111,0.180182,1.609e-06,0.22252999999999998,0.7047,116.13550000000001,Big Moe
4cmA2QDPdzh8W2ytpyUGes,205698.3,45.0,0.7809999999999999,0.6241,-5.9718,0.14438,0.077919,4.53e-07,0.15931,0.42219999999999996,125.4967,Young Scooter
4fpwOzxFRMVGfd197dKIdY,134484.8,57.4,0.5286,0.5364,-10.731,0.2933,0.53563,0.00410227,0.29088,0.40381,131.8071,Boldy James
4jWGfUCFeTu5e0wprRhHXR,270783.7,42.9,0.8119999999999999,0.7285,-4.7899,0.21008,0.04722,0.0020526960000000006,0.15282,0.5964,116.352,Big Tymers
4pr7J7wzgObkE3DD3Izi7q,236627.4,39.6,0.7092,0.6914,-5.3381,0.21227000000000001,0.171927,0.0,0.15923,0.532,112.0625,Young Buck
4sdwGT5t9Ws5vIosKccjIn,221369.9,30.5,0.8257,0.7099,-7.0662,0.23085,0.0755932,5.8831999999999995e-05,0.22574999999999998,0.5297,153.4168,Frayser Boy
4tMm1dU6Gn04VAZ9ClHcIZ,212494.5,64.6,0.679,0.5577,-7.5406,0.09763000000000001,0.172429,5.83e-07,0.14922,0.40280000000000005,129.0241,Jacquees
4ubKsFJjMgWkARG6w2Qlv8,189433.7,36.8,0.6013,0.74,-7.313,0.3857,0.22620999999999997,4.181e-06,0.20455,0.48369999999999996,107.32840000000002,Vado
4yBK75WVCQXej1p04GWqxH,251717.5,57.7,0.657,0.7604,-5.6493,0.12535,0.0543434,1.22e-06,0.23007,0.40869999999999995,101.733,Jeezy
50co4Is1HCEo8bhOyUWKpn,215730.5,75.3,0.7668,0.612,-7.021000000000001,0.16568,0.10670189999999999,0.000596704,0.21107,0.41900000000000004,120.26110000000001,Young Thug
5A7d4sfe5ZY1RRf90zlUeo,230120.1,42.3,0.8221,0.7353,-5.3957999999999995,0.21559,0.15588000000000002,7.385e-06,0.17658000000000001,0.6507,117.93879999999999,Crime Mob
5IcR3N7QB1j6KBL8eImZ8m,218428.8,67.0,0.751,0.6308,-6.826600000000001,0.13460999999999998,0.11450800000000001,1.4484e-05,0.15189,0.43018999999999996,132.84980000000002,ScHoolboy Q
5LHRHt1k9lMyONurDHEdrp,193013.0,72.8,0.7931,0.6291,-5.4882,0.16971,0.11682000000000001,2.0939999999999998e-06,0.09504,0.4507,119.3125,Tyga
5OrB6Jhhrl9y2PK0pSV4VP,240367.5,49.9,0.7314,0.6606,-6.6747,0.22587000000000002,0.076625,1.1120000000000001e-06,0.2419,0.5427,112.136,Young Money
5YHM0i7v5TqqibZhS0YiuX,193818.8,49.4,0.6256,0.5401,-7.5187,0.18573,0.4755,0.00030888,0.14583,0.45708000000000004,104.00309999999999,Ryan Trey
5ZS223C6JyBfXasXxrRqOk,242206.1,71.8,0.6133,0.5524,-8.5274,0.12125,0.32017,0.017435107,0.15291000000000002,0.40659999999999996,118.7673,Jhené Aiko
5bgfj5zUoWpyeVatGDjn6H,198968.3,55.7,0.7802,0.4891,-8.8203,0.22058,0.18362,2.4168e-05,0.12908999999999998,0.47221,127.9606,K CAMP
5dHt1vcEm9qb8fCyLcB3HL,201308.0,68.2,0.7815,0.7562,-4.8493,0.20600000000000002,0.09978000000000001,0.01540626,0.231,0.4484,126.2242,A$AP Ferg
5einkgXXrjhfYCyac1FANB,236459.7,40.8,0.7585,0.6817,-5.741,0.32296,0.086192,4.64e-05,0.3036,0.5237,88.536,Lil Scrappy
5f7VJjfbwm532GiveGC0ZK,165946.3,82.4,0.8683,0.5126000000000001,-6.736400000000001,0.33136,0.073394,8.739999999999999e-07,0.1621,0.3165,115.8443,Lil Baby
5gCRApTajqwbnHHPbr2Fpi,208874.0,57.9,0.7779,0.7431,-5.9088,0.18608,0.102972,1.66e-06,0.23623,0.5658000000000001,138.5317,Juicy J
5lHRUCqkQZCIWeX7xG4sYT,203518.6,51.3,0.7029,0.5711,-8.2943,0.23154,0.110846,0.0,0.28146,0.5474,115.8588,Rich Homie Quan
5mNB8ykTlENptzmsxXRtdS,208421.5,19.8,0.6262,0.6939,-6.2155000000000005,0.15330000000000002,0.114299,8.58e-06,0.316,0.5368999999999999,130.7452,Shawty Lo
5oFkj1qSlyBUmV5d6Edgtq,217463.1,51.8,0.6898,0.6508,-6.938900000000001,0.29583,0.22515000000000002,0.000741,0.21158000000000002,0.5359,120.40920000000001,Cozz
5oNgAs7j5XcBMzWv3HAnHG,191365.4,57.8,0.6017,0.6434,-7.158199999999999,0.24420999999999998,0.187113,4.16e-07,0.2537,0.40088999999999997,124.5429,DJ Drama
5pnbUBPifNnlusY8kTBivi,229148.1,49.8,0.5726,0.7797,-5.0338,0.3056,0.099607,1.6399999999999999e-07,0.23702,0.5475,128.5054,Jadakiss
5rDXcEIODl8TgGTgrntnjX,179464.8,50.5,0.7332,0.5806,-8.7288,0.18397000000000002,0.3474,0.0068360999999999995,0.14681,0.5396,111.5952,Rexx Life Raj
5xUMw9vaS567MBBjsoLslo,221425.3,19.0,0.6125999999999999,0.6206,-7.4708,0.25046,0.078891,1.8700000000000002e-07,0.32635000000000003,0.4061,107.27069999999999,Yung L.A.
5yPzzu25VzEk8qrGTLIrE1,198957.5,67.7,0.7798,0.6060000000000001,-7.004099999999999,0.3136,0.14838690000000002,0.002314717,0.14403,0.4708,134.2414,Young Nudy
5zctI4wO9XSKS8XwcnqEHk,149966.7,65.3,0.7491,0.6058,-6.8131,0.11254,0.28981,4.14e-05,0.11096999999999999,0.5316,114.3047,Lil Mosey
61qMnYXa1GxSBoV3IiYKjZ,199931.5,49.8,0.7216,0.6061,-6.8267,0.08408,0.11912,0.000680511,0.13066,0.49030000000000007,136.8988,Yung Pinch
67nwj3Y5sZQLl72VNUHEYE,215429.8,61.6,0.6246,0.6799999999999999,-6.6026,0.23933999999999997,0.33569,0.003991982,0.22540999999999997,0.4859,117.9025,Wale
68kEuyFKyqrdQQLLsmiatm,177473.8,63.1,0.7531,0.62,-7.3142,0.23025,0.343052,0.011153103000000001,0.31716,0.42214,117.9008,Vince Staples
699OTQXzgjhIYAHMy9RyPD,180755.2,79.7,0.7107,0.7252,-5.9389,0.17929,0.091823,1.637e-05,0.3579,0.4523,136.0112,Playboi Carti
6AMa1VFQ7qCi61tCRtVWXe,210538.7,48.8,0.6562,0.7188,-5.997,0.315,0.15667,5.2400000000000007e-05,0.22702,0.5203,113.13910000000001,Jim Jones
6AUl0ykLLpvTktob97x9hO,184939.5,59.5,0.7855000000000001,0.6612,-7.1465000000000005,0.3033,0.16641,0.0,0.23659,0.471,116.3978,Tee Grizzley
6B16XZWuJ9VERn7pXxCIda,279890.3,37.4,0.7658,0.683,-5.8208,0.22249,0.08610999999999999,0.00010635999999999998,0.17234,0.5434,127.6045,8Ball
6CqjoQyGZlnhnq5gAUz92c,208283.4,34.9,0.6447,0.6048,-8.451,0.18756,0.58291,1.9546e-05,0.11739,0.46349999999999997,136.36430000000001,Taylor Bennett
6DVipHzYsPlIoA0DW8Gmns,210123.0,47.4,0.6542,0.6906,-7.4620999999999995,0.29867,0.21908802,7.774999999999999e-05,0.20508,0.7041000000000001,117.30440000000002,"Royce Da 5'9"""
6FqXAd1hQl7vVdIQ3hhtgc,158775.3,57.7,0.64,0.5766,-8.854800000000001,0.22269999999999998,0.1715,0.084729,0.19184,0.3599,129.91320000000002,D. Savage
6GMYJwaziB4ekv1Y6wCDWS,193368.9,63.4,0.7954,0.621,-6.018400000000001,0.19441,0.1821669,0.000838,0.19247,0.5316,120.38789999999999,Soulja Boy
6Ha4aES39QiVjR0L2lwuwq,225929.6,57.0,0.8352999999999999,0.6578999999999999,-6.1104,0.23994,0.029943000000000004,7.53e-06,0.26061,0.43920000000000003,135.4241,Yo Gotti
6If57j6e3TXXk0HiLcIZca,184103.8,52.8,0.6155,0.6757,-6.0277,0.10951,0.17003,0.00023516299999999998,0.20505,0.5522,111.3036,Sevyn Streeter
6KZDXtSj0SzGOV705nNeh3,201486.8,61.5,0.7006,0.6112,-6.0815,0.08024,0.11132,0.0002526,0.21363000000000004,0.40149999999999997,116.26310000000001,Kid Ink
6MrdwyCIKbpXmTKQBlG3uq,293364.6,45.7,0.7155,0.6907,-5.9128,0.22761,0.283796,3.1399999999999996e-06,0.23586000000000001,0.5319,101.0494,Z-Ro
6TC6ZeVdvCuBSn32h5Msul,306194.3,42.2,0.7979,0.5077,-10.5763,0.27894,0.13535,0.11035373600000001,0.29272,0.6065,133.641,DJ Screw
6Uh8uJyN9g7oFjDK16nJgb,214416.1,44.3,0.641,0.8218,-4.797,0.3104,0.12092,9.089e-05,0.31720000000000004,0.5221,119.47819999999999,Juelz Santana
6WkUZyqghQei2G809wMKuZ,167040.7,46.8,0.7798999999999999,0.49640000000000006,-10.0914,0.25525,0.22942300000000002,0.002922454,0.24548,0.3426,123.4179,Yung Bans
6X8WdFjrNhXATMDSs26aCc,180385.0,54.9,0.6295,0.7007,-6.655200000000001,0.22293000000000002,0.183846,0.000111834,0.18887,0.5045,121.3789,Curren$y
6Xgp2XMz1fhVYe7i6yNAax,190889.4,73.3,0.6426999999999999,0.6445000000000001,-5.7454,0.10630999999999999,0.1279404,1.06e-05,0.22780999999999998,0.35571,124.11970000000001,Trippie Redd
6XpXnnKHIhCOUbOLOJGe6o,207777.2,52.8,0.689,0.6549,-6.6898,0.29707,0.24539,0.00011840000000000002,0.1461,0.4681,101.66029999999999,REASON
6XwcepfAsPhrvwziGxhwju,262573.0,52.6,0.7428,0.5911,-5.9399,0.07681,0.076447,0.0,0.13218999999999997,0.4426,111.628,Pretty Ricky
6ZhjJOJXXwnPS8PrXdmjLw,279445.0,48.4,0.8261,0.624,-6.8985,0.24808,0.09187100000000001,2.6099999999999996e-06,0.17121999999999998,0.7562,128.0473,UGK
6aIm51fHkokqlJn2vzNTH8,259726.3,46.8,0.7511,0.6869,-5.4899000000000004,0.18886,0.0779359,0.000107,0.201,0.5115000000000001,155.9043,Webbie
6aLoJJxz7MV2iZ423S8tJC,181932.6,51.0,0.771,0.6028,-6.8904,0.3391,0.064,5.26e-05,0.16965000000000002,0.4385,145.7541,Doe Boy
6aaMZ3fcfLv4tEbmY7bjRM,208029.8,64.8,0.7413000000000001,0.6285000000000001,-7.5813999999999995,0.26546,0.25594,0.020757789,0.2882,0.6008,126.79459999999999,Isaiah Rashad
6cwlhbT6PnscdmUYCLUJsa,256285.2,31.8,0.5916,0.8574999999999999,-4.236800000000001,0.12668,0.00430603,0.000204052,0.3207,0.5434,125.2483,Bone Crusher
6extd4B6hl8VTmnlhpl2bY,187115.3,59.8,0.7866,0.693,-3.8539000000000003,0.09427,0.025367,0.0008815399999999999,0.16936,0.27782999999999997,144.81019999999998,Huncho Jack
6f4XkbvYlXMH0QgVRzW0sM,222153.5,56.3,0.7234,0.6345,-6.4983,0.19634000000000001,0.0950636,0.0007559999999999999,0.3357,0.537,135.04749999999999,Waka Flocka Flame
6fxyWrfmjcbj5d12gXeiNV,189277.8,64.3,0.7217,0.6446,-6.4437,0.15165,0.12768,1.6567e-05,0.3068,0.517,131.385,Denzel Curry
6g8AmloI8egfrr3dm3SnUL,223171.11111111112,45.666666666666664,0.5624444444444445,0.6311111111111111,-8.379888888888889,0.30444444444444446,0.14456666666666665,8.222222222222222e-07,0.3183888888888889,0.45311111111111113,118.374,TWENTY88
6i392l38cR3uBPF0DbNs7S,177438.4,63.3,0.8627,0.6025,-5.8807,0.23805,0.09794,0.000136295,0.13869,0.3712,129.25629999999998,Quality Control
6icQOAFXDZKsumw3YXyusw,190808.6,70.8,0.7229,0.609,-6.4011,0.17679,0.1448923,0.117327245,0.12921,0.4561,133.0194,Lil Yachty
6l3HvQ5sa6mXTsMTB19rO5,238753.4,83.1,0.7028000000000001,0.5997999999999999,-7.9291,0.22007,0.21672000000000002,0.0079708,0.20335,0.44263,117.0522,J. Cole
6mXlDbi03T8wXYwWYew0Ut,259999.2,37.3,0.6426999999999999,0.7174,-6.0629,0.3056,0.11987300000000001,0.00037993799999999997,0.22469,0.507,131.7409,Rich Boy
6oMuImdp5ZcFhWP0ESe6mG,252413.0,74.1,0.857,0.6627,-5.1741,0.17865,0.122933,3.4680999999999995e-05,0.17252,0.42210000000000003,145.3963,Migos
6pDFdYZARPitpkfm44UsOQ,283953.0,35.0,0.7823,0.6486,-6.612900000000001,0.22565999999999997,0.06949999999999999,1.3559999999999999e-05,0.18372,0.5003,129.814,MJG
6vHBuUxrcpn1do5UaEJ7g6,185667.9,55.3,0.4878,0.7957,-5.258,0.34672000000000003,0.27501,0.0006894,0.45825000000000005,0.5216999999999999,99.9478,Domo Genesis
6vXTefBL93Dj5IqAWq6OTv,215140.1,64.9,0.7083,0.7376,-4.304,0.19394,0.057179,0.001011653,0.3294,0.5633,146.7154,French Montana
6vd2ks2rBpNPY4ebdEocpY,229399.7,39.6,0.5368,0.7506999999999999,-5.8363,0.23124000000000003,0.021494,1.3899999999999999e-05,0.19498,0.34876,133.81279999999998,U.S.D.A.
6vdMPayKk8YJxxeNP5oMCb,249077.3,48.9,0.7502,0.8003,-5.3376,0.16619,0.097772,6.180000000000001e-07,0.24620999999999998,0.6167,128.4241,Chamillionaire
6z1cicLMt9XArxN10q7m8a,199947.5,44.7,0.8944000000000001,0.6395000000000001,-6.7795000000000005,0.16104000000000002,0.090029,3.778e-06,0.18359999999999999,0.653,117.1654,Travis Porter
70gP6Ry4Uo0Yx6uzPIdaiJ,213501.7,61.6,0.7192000000000001,0.5686,-7.434900000000001,0.17155,0.36997,1.91e-05,0.16976,0.45970000000000005,116.8715,Bas
757aE44tKEUQEqRuT6GnEB,184151.6,75.5,0.7887000000000001,0.5886,-7.8424000000000005,0.20106000000000002,0.15672,4.22e-05,0.20238,0.43790000000000007,110.01309999999998,Roddy Ricch
75WcpJKWXBV3o3cfluWapK,205247.2,53.6,0.688,0.6303,-7.4286,0.2805,0.243377,2.1098e-05,0.19827999999999998,0.457,104.575,Lute
7BMccF0hQFBpP6417k1OtQ,210183.7,54.8,0.5667,0.7156,-6.1249,0.26294,0.30117000000000005,2.057e-06,0.26907000000000003,0.6002,111.5412,Action Bronson
7Ej52CNJlhlwWROkrcjKLL,207776.1,16.1,0.6824,0.6546000000000001,-6.9415,0.12087,0.01263679,0.017366,0.2927,0.48109999999999997,135.5433,GS Boyz
7GuUYiGZOzQwq4L6gAfy1T,174467.0,51.2,0.7594000000000001,0.5161,-8.4383,0.17399,0.28396,0.001435582,0.15882000000000002,0.3885,121.34360000000001,SahBabii
7HkdQ0gt53LP4zmHsL0nap,215570.7,68.5,0.5640000000000001,0.5580999999999999,-6.445600000000001,0.08973,0.29832000000000003,2.33e-05,0.18927,0.3129,116.1695,Ella Mai
7JFXIgxfNfMRmMj8NPRFb9,259780.5,32.7,0.7135,0.7224999999999999,-5.8249,0.29833,0.06415,6.24e-05,0.24869,0.5727,128.95710000000003,Big Tuck
7a9KRWdaSZktpGGnWndzbC,309075.5,39.9,0.6695,0.6477,-7.7476,0.34782,0.2006297,1.22e-06,0.3117,0.4466,112.20450000000001,Black Hippy
7aA592KWirLsnfb5ulGWvU,159328.8,63.1,0.5551999999999999,0.9442,-0.43889999999999996,0.3241,0.14496,8.100000000000001e-07,0.3518,0.7067,125.63319999999999,Danny Brown
7bpDJUH5hnffIYHID6h3Et,233424.7,41.7,0.7369,0.4213,-11.1314,0.31135,0.5801999999999999,0.00045574000000000005,0.11578,0.5474,109.0148,Caleborate
7c0XG5cIJTrrAgEC3ULPiq,191976.5,75.4,0.6538999999999999,0.6691,-5.8813,0.09544,0.16731000000000001,0.0019233749999999997,0.20019,0.4016,111.2367,Ty Dolla $ign
7e1ICztHM2Sc4JNLxeMXYl,250990.3,57.2,0.6827,0.47430000000000005,-8.4548,0.06519,0.15672000000000003,0.093573418,0.24312,0.43150000000000005,125.61600000000001,dvsn
7f35VZGDpomj11PXdNn5D9,255588.0,32.6,0.7117,0.6446000000000001,-7.934,0.27414,0.0960186,0.017538222,0.2334,0.5569,119.6451,Max B
7iZtZyCzp3LItcw1wtPI3D,225376.5,72.2,0.7906,0.5942999999999999,-6.6711,0.12117,0.15042,0.00012611,0.1085,0.36328,144.79569999999998,Rae Sremmurd
7ibAWtDtmEfaVhc1FJ3Vl9,186697.9,57.6,0.643,0.5657,-6.5354,0.13308,0.18203,0.0,0.15067,0.4907,103.73859999999999,Eric Bellinger
7izarc0fRIPbdZ8cVyChRf,257854.0,46.9,0.7242,0.527,-8.5872,0.25627,0.21325,3.7760000000000004e-06,0.14784999999999998,0.49450000000000005,118.2827,Spillage Village
7jFaoqWPhYLrKzjzlpXmUO,239642.6,44.5,0.7615000000000001,0.7779,-5.3837,0.20567000000000002,0.0264017,0.012200158,0.25073,0.6134999999999999,128.9839,David Banner
7kFfY4UjNdNyaeUgLIEbIF,203161.2,57.6,0.651,0.5871999999999999,-7.6131,0.18126,0.23248000000000002,1.6774999999999998e-05,0.15755000000000002,0.35767,104.28130000000002,DeJ Loaf
7mDU6nMUJnOSY2Hkjz5oqM,194845.0,57.2,0.6668999999999999,0.5565,-7.509600000000001,0.09841,0.16960999999999998,3.2847e-05,0.12018,0.33540000000000003,122.099,Roy Woods
7pFeBzX627ff0VnN6bxPR4,215043.1,58.9,0.7006,0.6405000000000001,-5.777200000000001,0.18071,0.09289,0.000157132,0.29775999999999997,0.3534,123.9348,Desiigner
7rkW85dBwwrJtlHRDkJDAC,194377.2,69.4,0.7702,0.62,-5.9013,0.15658,0.240083,0.000544126,0.16762000000000002,0.37259000000000003,132.827,NAV
7s47glsDg6fwq9KXNTsTpa,253903.7,29.5,0.6879000000000001,0.6754,-7.8771,0.37127,0.12252700000000001,0.0,0.3225,0.5551,117.7725,Gudda Gudda
7v9bFXCdSMA2o3gS4nvp0F,279710.0,39.1,0.7377,0.7188,-5.839799999999999,0.21938,0.0464015,4.62e-07,0.22003,0.5183,106.04100000000001,Pimp C
7yO4IdJjCEPz7YgZMe25iS,224977.9,57.6,0.7826,0.6883,-5.931900000000001,0.21730999999999998,0.17346,2.6553999999999997e-05,0.17172,0.41899999999999993,119.92930000000001,A$AP Mob
7zICaxnDB9ZprDSiFpvbbW,277330.3,45.7,0.7039,0.6265,-6.6467,0.2537,0.0420738,5.99e-06,0.22283,0.4584,113.96,Master P
